Gene,DN1,DN2,DN3a,DN3b,DN4
Atxn2l,-1.615377118,-1.336623517,-1.195852948,-1.443943653,-1.682277982
Bcl11b,-3.404510646,-1.546153307,-1.188419519,-1.479252442,-1.610266635
Ccdc88c,-0.892310254,-1.01761771,-0.792136198,-1.07252836,-1.071298034
Cebpb,-3.039343429,-3.099275453,-3.711139607,-3.693949802,-3.720895983
Dtx1,-2.269054312,-2.258833346,-0.774935011,-1.20142802,-1.660442283
Elf4,-0.820464765,-0.898515774,-0.646708354,-0.866923699,-1.188419519
Erg,-0.49618141,-1.328725498,-1.554515915,-2.762448185,-3.568046092
Esr1,-1.476056439,-1.557656353,-1.374140871,-2.007736563,-2.369675163
Ets1,-1.11036851,-0.508260732,-0.01393768,-0.140305979,-0.399546828
Ets2,-2.651875924,-2.582187523,-1.438368581,-1.804464977,-1.879728449
Etv6,-0.019512752,-0.931037027,-0.931037027,-1.382617861,-1.5507992
Foxp1,-0.630912317,-1.391909647,-1.02674243,-1.516419589,-1.477394085
Gata3,-1.411661013,-0.84187583,-0.721498131,-0.883187578,-0.984690312
Gfi1,-1.193994591,-1.142889764,-0.987716926,-1.214901111,-1.469031477
Gfi1b,-1.233020095,-1.387263754,-2.209586877,-2.485552942,-2.816340548
HEBalt,-3.404510646,-1.817473478,-1.313858639,-1.908532988,-2.559887235
Id1,-3.184295302,-2.952465223,-2.460929707,-3.140159315,-2.933417061
Id2,-2.495773907,-2.651875924,-2.281133634,-2.887887306,-3.306017707
Id3,-3.502074407,-2.928771167,-2.204011805,-1.505269445,-1.855569804
Ikzf1,-0.610470386,-0.85205684,-0.933824563,-1.115014404,-0.721971826
Ikzf2,-0.936612099,-0.973779246,-1.002583785,-1.297133423,-1.037892574
Ikzf3,-2.089722828,-3.715320911,-1.981938103,-1.44580201,-0.71268004
Ikzf4,-2.793311505,-2.552468859,-1.743221324,-2.411240019,-2.937091358
Klf13,-0.826200307,-0.851894791,-0.566552849,-0.798217812,-0.657359622
Lef1,-2.332703051,-1.705042859,-0.170968875,0.333110553,0.298730942
Myst3,-0.517221267,-0.744252137,-0.449067963,-0.759800734,-0.836814408
Nfe2,-2.140363066,-2.049303556,-1.948487671,-2.147796495,-2.203082626
Pou6f1,-3.633088599,-3.123898688,-1.63442528,-1.910391345,-1.828623622
Rnf149,-1.207785646,-1.499276336,-1.488096272,-1.528620541,-1.633941457
Runx1,-0.269461814,-0.033450432,0.280611958,-0.159818731,-0.619762173
Runx2,-0.701266659,-0.943442863,-1.198348722,-2.063151571,-2.888336935
Runx3,-0.372600647,-0.436713975,-0.883648915,-0.955195673,-1.322221247
Sbf1,-0.486185306,-0.582098845,-0.33372028,-0.636065913,-0.572349809
Sfpi1,-0.592815991,-1.08249315,-2.436306472,-3.008680533,-3.140159315
SpiB-1,-3.144340619,-3.555037591,-1.888091057,-2.684397177,-4.401519359
Tcf12,-1.129881263,-0.794447763,-0.237869739,-0.508260732,-0.688521394
Tcf7,-0.471093586,0.075263472,0.348442001,0.433926439,0.221144523
Tcfe2a,-0.958912387,-0.8102438,-0.813031336,-0.773076653,-1.08249315
Thrap3,-1.182774944,-1.977316089,-2.047505967,-2.166289753,-2.066300557
Tsc22d1,-0.656919842,-1.515917182,-1.478101283,-2.079145151,-1.844493251
Unk,-0.926586261,-1.037634355,-1.02483845,-1.082130678,-1.061438101
Zbtb7a,-1.893666129,-2.339671891,-2.128748333,-2.37498068,-2.309008995
Zfp109,-3.133190475,-2.769417025,-2.683003409,-2.932487882,-3.222391627
Zfp287,-1.845802092,-2.053784428,-1.50797447,-2.170086888,-2.396451583
Zfp316,-1.559263181,-1.876073525,-2.464941622,-2.5079166,-2.616109096
Zfp358,-1.010024276,-1.115891734,-0.966759208,-1.255090876,-1.260303011
Zfp407,-2.489269657,-2.66860114,-2.555241342,-2.864657839,-2.896249914
Zfp422,-0.490524756,-0.649512801,-0.453619266,-0.645529319,-0.698556431
Zkscan1,-1.32825171,-1.310085709,-0.870584384,-1.243953554,-1.388118691
Zscan21,-1.242932062,-1.239155926,-1.157316006,-1.167701529,-1.529290479
Sox4,-0.59374517,-0.898515774,-0.866923699,-1.255320383,-1.468102298
Bcl11a,-2.47997787,-3.119252795,-3.123898688,-3.903479592,-5.167162583
Mitf,-3.390572966,-2.693688964,-2.138040119,-2.884170591,-2.948283919
Fog1,-1.305496031,-1.295275066,-1.490402586,-1.418855829,-1.249745311
CEBPa,-3.418448326,-3.8421538,-5.093757468,-4.454482543,-3.697201927
cMyb,-0.409,-0.337,-0.357,-0.553,-0.959
Dtx3L,-4.155,-3.102,-2.921,-4.699,-4.699
Eva1,-3.143,-2.252,-1.244,-2.149,-2.959
Fkbp5,-1.854,-1.495,-1.086,-1.523,-1.602
Scl,-2.004,-2.481,-4.699,-5.523,-6.155
Zfp30,-3.42,-3.585,-3.456,-4.745,-4.538
Ddx19b,-2.222,-1.921,-1.886,-2.252,-2.201
Helz,-1.721,-1.678,-1.481,-1.959,-1.824
Tmem131,-0.959,-0.959,-0.276,-1.013,-1.066
Rik,-2.722493503,-2.655592638,-2.39516050046686,-2.8732101188906,-3.271638097
Aff3,-0.752634723,-0.718255112,-0.94709524913824,-1.13612580570145,-1.907603809
Arid1a,-0.955195673,-0.86599452,-0.8521401504305,-1.02221863731163,-1.325008783
Bahd1,-1.601904027,-1.338017285,-1.20003598552965,-1.43955093447164,-1.86486159
Brd3,-0.52405677,-0.416272044,-0.33643573646282,-0.40358487966587,-0.613257922
Brd4,-0.346583644,-0.386538327,-0.29714397172333,-0.35645087924438,-0.603036957
Cbx4,-0.872498771,-0.799093656,-0.30860407035966,-0.37019829673852,-1.010017214
Cep170,-1.303637674,-1.235807631,-0.94105571861997,-1.12888084646174,-1.434651866
Ctbp1,-0.469235228,-0.447864119,-0.44776240351835,-0.53713121454572,-0.636487389
Cutl1,-1.404918149,-1.276691492,-1.01585583743234,-1.21861030643907,-1.335229749
Dmtf1,-1.759864401,-1.687388464,-1.33592000554736,-1.60255601961492,-1.849065553
Elk3,-0.647637533,-0.641133282,-1.06087765148999,-1.27261801560764,-1.759864401
Elk4,-0.736838685,-0.769359939,-0.39782911974923,-0.47723175638127,-1.016521465
Fli1,-1.002583785,-0.92917867,-0.8791532386889,-1.05462326260141,-1.340804821
Foxj3,-1.154969087,-1.210719807,-1.00562360732509,-1.20633582751491,-1.318504533
Foxp4,-1.41792665,-1.364034287,-0.84641010199331,-1.01534492962137,-1.64836296
Fus,-0.538923629,-0.400476007,-0.18909161868974,-0.22683237808526,-0.643920818
Gabpa,-1.132668799,-1.071343006,-0.89716196448815,-1.0762263464802,-1.25067449
Gata2,-2.127819154,-2.96175701,-3.39382619082567,-4.07119930014527,-3.410085718
Gse1,-1.341733999,-1.129416673,-1.46279966310593,-1.75475956334721,-1.311071103
Hes1,-0.640668693,-0.563082274,-0.22920196215496,-0.27494833720114,-1.644646246
Hmga1,-0.974708425,-0.865065342,-0.67532720910282,-0.81011563541489,-0.693167288
Jmjd3,-1.217224057,-1.312000282,-0.98393127858151,-1.18031393109661,-1.125235369
Klf2,-1.666481944,-1.983331871,-2.03089309701992,-2.43623865524057,-2.904612522
Lima1,-2.505065694,-3.125757045,-3.08071993967693,-3.69560023322966,-4.055864894
Mlf2,-1.167048409,-1.116408172,-0.79565823861749,-0.95446351170573,-1.072272185
Mll1,-0.118005691,-0.261099206,-0.001227867648109,-0.001472937513172,-0.59374517
Mll2,-1.509915338,-1.385405397,-1.04286892569073,-1.25101493172885,-1.760793579
Mta2,-1.144748121,-0.985858569,-0.85295872915623,-1.02320059600601,-1.134527156
Mta3,-1.62792103,-1.570311952,-1.22950480908426,-1.47490143478777,-2.085076935
Mybl2,-2.24210813,-2.163127943,-1.84221076725255,-2.2098972559741,-1.861144876
Nasp,-0.678300429,-0.485031266,-0.40928921750459,-0.4909791728186,-0.481314551
Ncor1,-0.60768285,-0.536136092,-0.3863690211129,-0.46348433888713,-0.765643224
Ncor2,-0.883648915,-0.933824563,-0.7457249539674,-0.89456405248448,-1.186561161
Per1,-1.418855829,-1.464385584,-0.98966132789967,-1.18718763984368,-1.672521606
Pou2f1,-1.023025715,-1.014663107,-0.77601235624775,-0.93089651149498,-1.165190052
Ptma,1.028600788,1.007229678,1.02240446547623,1.22646597388052,0.996079534
Rara,-1.792385654,-2.031184572,-1.59131647723498,-1.90892702341146,-2.090652007
Rbak,-1.670663248,-1.747785078,-1.35311015262088,-1.62317714479933,-2.134323405
Rreb1,0.191410806,0.092917867,-0.001227867648109,-0.001472937513172,-0.458549674
Saps1,-0.021371109,-0.003716715,0.11787529421846,0.14140200126449,-0.295478817
Satb1,-1.25067449,-1.246028596,-0.84068005355611,-1.0084712219311,-1.004442143
Stat5b,-0.433926439,-0.284328673,-0.10968951048504,-0.13158241854788,-0.629053959
Tbx21,-3.725077287,-3.621009276,-2.50362214330379,-3.00331959992531,-2.405643576
Tfdp1,-1.526640555,-1.512702875,-1.31299980915567,-1.57506118568345,-1.714334646
Tle3,-0.225790417,-0.181189841,0.015552990503036,0.018657208852444,-0.541711165
Tox,-0.458085084,-0.430209724,-0.43057225644482,-0.51651008936131,-0.8102438
Trim14,-3.385927073,-3.516941265,-3.16626138612217,-3.7982148803329,-4.397802644
Trim25,-1.464385584,-1.738493291,-1.76117150247736,-2.11268338010476,-2.03954718
Trim44,-0.596532706,-0.800952013,-0.36836029531365,-0.44188125500834,-1.04811354
Yy1,-0.588170098,-0.773076653,-0.76209652319617,-0.9142032200313,-0.787943512
Zbtb20,-2.148725674,-1.756147686,-1.44233520201045,-1.73021060444208,-2.554776753
Zbtb48,-1.642787888,-1.750572614,-1.36129593723527,-1.63299672857274,-1.777518795
Zfp1,-1.70411368,-1.531286448,-1.27698235843813,-1.53185501898268,-1.678096678
Zfp110,-1.463456405,-1.312000282,-1.07479348542254,-1.28931130812812,-1.508056981
Zfp238,-0.635093621,-0.71918429,-0.5664562773435,-0.67951517556139,-1.11780194
Zfp28,-2.945496383,-2.803332047,-2.70294599210079,-3.24242645693473,-3.477915761
Zfp382,-1.890878597,-2.034901309,-1.53647173168313,-1.84313582576235,-1.837915404
Zfp384,-2.405643576,-2.790788135,-2.04726466536771,-2.45587782173059,-2.638867422
Zfp426,-1.195852948,-1.02674243,-0.76537083633715,-0.91813105269523,-1.313858639
Zfp598,-1.294345887,-1.392838826,-1.35474731007234,-1.62514106218809,-1.287841636
Zfp748,-1.910391345,-1.768227009,-1.64452407590702,-1.97275431635344,-2.282991992
Zfp771,-1.64185871,-1.66230064,-1.33755716299882,-1.60451993700369,-1.880657628
Zkscan5,-2.134323405,-2.270912669,-1.82051843938994,-2.1838753606126,-2.492986371
Zscan22,-2.289496242,-2.501348979,-1.96786255716301,-2.36062786219321,-2.462323475
CD3e,-3.7447,-0.2924,0.2041,-0.1739,-1.13149951113286
IL2Rb,-2.2757,-4.8861,-4,-2.7447,-5.40852801746078
Notch3,-1.9586,-0.7447,-0.0044,-0.7696,-1.57919036003897
pTa,-3.2757,-1.041,0.3424,-0.6198,-2.59371007219935
Rag1,-1.4685,-0.4437,0.7993,-0.1367,-1.36666670150902
Sox13,-1.4685,-1.0862,-1.0757,-1.2218,-1.25814759890906
Zap70,-3.0458,-1.8539,-1.7959,-1.3665,-1.78018315926143
Bcl2,-1.8539,-0.8239,-1,-1.2676,-2.15322352175289
CD3g,-3.1024,0.3222,0.4771,0.0414,-0.060808048127583
cKit,-0.9586,-1.0915,-1.2596,-1.7696,-2.40390366448132
GAPDH,0.4914,0.7993,0.9138,0.9031,0.74036270217725
IL2UP,-4.1549,-3.8539,-3.5376,-5.0223,-4.43053638019414
IL7Ra,-1.7212,-0.8861,-0.7696,-1.0969,-1.32848161179939
Lat,-1.5376,-0.3872,0.0414,-0.4437,-1.19027811216321
Lck,-0.8861,-0.041,0.5441,0.0414,-0.68854560306439
Notch1,-0.6021,-0.3565,0.0414,-0.4437,-0.60571710386122
TCR-Ca,-4.1805,-3.9586,-3.0088,-2.4202,-2.59845733297485